date,time,content,is_posted
2026-01-02,03:14,1/ Keep it simple. ðŸ§µ,False
2026-01-02,03:15,Wisdom is knowing what to ignore.,False
2026-01-02,03:16,Do you agree? Energy speaks.,False
2026-01-02,03:13,Be a ghost. Let the results haunt them.,False
2026-01-02,11:18,print('Frontend makes it look good. Backend makes it work. I do both.'),False
2026-01-02,11:24,Observation: Dating is cool but have you ever fixed a bug at 3 AM?,False
2026-01-02,11:42,Do the work.,False
2026-01-02,11:44,"Do you agree? MERN stack is cool, but understanding the fundamentals is cooler.",False
2026-01-02,11:48,print('SchrÃ¶dinger's cat would have loved my buggy code: dead and alive at the same time.'),False
2026-01-02,11:49,"if it was easy, everyone would have a 95 cgpa //",False
2026-01-02,11:55,speed creates friction.,False
2026-01-02,11:58,Observation: Build in silence. Break the internet when you launch.,False
2026-01-02,12:26,Read this carefully: Comfort is the enemy of progress.,False
2026-01-02,13:17,Note to self: Levels.,False
2026-01-02,13:19,Note to self: Do the work.,False
2026-01-02,16:03,Note to self: Wisdom is knowing what to ignore.,False
2026-01-02,17:40,"i speak three languages: english, hindi, and python //",False
2026-01-02,17:47,"History doesn't repeat itself, but human nature does. #Python #Engineering #Focus",False
2026-01-02,18:07,mediocrity is a crowded place i prefer the solitude of excellence //,False
2026-01-02,18:26,Create or consume. Choose. #Python #Engineering #Focus,False
2026-01-02,18:53,Note to self: Cryptography is the art of keeping secrets in a world that can't shut up.,False
2026-01-02,18:58,Note to self: I have 99 problems and a missing semicolon caused 98 of them.,False
2026-01-02,19:03,Note to self: A high IQ is useless without high agency.,False
2026-01-02,19:10,print('Iâ€™m not anti-social. Iâ€™m just in private repository mode.'),False
2026-01-02,19:17,Git commit. Git push. Git better.,False
2026-01-02,19:23,Observation: A polymath sees the pattern in everything.,False
2026-01-02,20:22,algorithm for success: while(alive) { grind(); },False
2026-01-02,20:34,create or consume. choose.,False
2026-01-02,20:56,1/ Learning is the only infinite game. ðŸ§µ,False
2026-01-02,20:59,Note to self: Control your mind or it will control you.,False
2026-01-02,21:03,"Read this carefully: MERN stack is cool, but understanding the fundamentals is cooler.",False
2026-01-02,21:10,converting caffeine into logic //,False
2026-01-02,22:08,first year btech is just the tutorial level skip the cutscenes //,False
2026-01-02,23:35,"Observation: I speak three languages: English, Hindi, and Python.",False
2026-01-03,10:50,energy speaks //,False
2026-01-03,13:42,i have 99 problems and a missing semicolon caused 98 of them //,False
2026-01-03,14:28,Do you agree? Wisdom is knowing what to ignore.,False
2026-01-03,14:45,University teaches you the syllabus. Projects teach you the industry.,False
2026-01-03,15:29,iâ€™m not anti-social. iâ€™m just in private repository mode.,False
2026-01-03,15:31,You don't need more time. You need more focus.,False
2026-01-03,15:33,Brain: 'You need sleep.' Me: 'One more function.',False
2026-01-03,15:39,print('5 AM in Gurugram. The rest are dreaming; I'm building.'),False
2026-01-03,16:02,print('Reading philosophy to debug my own operating system (my brain).'),False
2026-01-03,16:15,print('Question everything. Even the compiler.'),False
2026-01-03,16:21,Code doesn't lie. People do. #Python #Engineering #Focus,False
2026-01-03,16:36,Note to self: Gravity is just the curvature of spacetime. Stress is just the curvature of perspective.,False
2026-01-03,16:48,Observation: Reading philosophy to debug my own operating system (my brain).,False
2026-01-03,16:53,I don't make mistakes. I create unexpected learning opportunities. #Python #Engineering #Focus,False
2026-01-03,17:26,connecting the dots between ancient hindu texts and modern ai //,False
2026-01-03,17:30,Note to self: Quality over quantity.,False
2026-01-03,17:45,Silence is the loudest scream. Focus is the sharpest weapon. #Python #Engineering #Focus,False
2026-01-03,17:56,frontend makes it look good. backend makes it work. i do both.,False
2026-01-03,18:39,Observation: Quantum mechanics proves that reality is just probability.,False
2026-01-03,19:09,simplicity is the soul of efficiency //,False
2026-01-03,19:36,I have 99 problems and a missing semicolon caused 98 of them. #Python #Engineering #Focus,False
2026-01-03,19:45,Learning is the only infinite game. #Python #Engineering #Focus,False
2026-01-03,20:06,rest day? never heard of her.,False
2026-01-03,20:54,Everything is data.,False
2026-01-03,21:00,"Do you agree? I put the 'pro' in procrastinate... wait, no.",False
2026-01-03,21:38,Comfort is the enemy of progress.,False
2026-01-03,21:43,Note to self: Energy speaks.,False
2026-01-03,21:44,A high IQ is useless without high agency. #Python #Engineering #Focus,False
2026-01-03,22:08,"Observation: To understand the macro, you must master the micro.",False
2026-01-03,22:08,Observation: Project May isn't just code; it's a second brain.,False
2026-01-03,22:19,1/ Frontend makes it look good. Backend makes it work. I do both. ðŸ§µ,False
2026-01-03,22:44,1/ Comfort is the enemy of progress. ðŸ§µ,False
2026-01-03,23:11,Do you agree? Algorithm for success: While(alive) { grind(); },False
2026-01-03,23:59,Mastery takes time. #Python #Engineering #Focus,False
2026-01-04,10:18,Your potential is meaningless if you don't execute.,False
2026-01-04,10:32,Do you agree? Don't tell people your plans. Show them your results.,False
2026-01-04,11:26,Observation: Mastery takes time.,False
2026-01-04,11:43,Observation: Create or consume. Choose.,False
2026-01-04,12:07,Mediocrity is a crowded place. I prefer the solitude of excellence. #Python #Engineering #Focus,False
2026-01-04,12:21,Do you agree? Be undeniable.,False
2026-01-04,13:08,1/ The world is noisy. Your code should be clean. ðŸ§µ,False
2026-01-04,13:08,brain: 'you need sleep.' me: 'one more function.',False
2026-01-04,13:10,Do you agree? Rest day? Never heard of her.,False
2026-01-04,13:20,Observation: Discipline is the bridge between goals and accomplishment.,False
2026-01-04,13:46,Read this carefully: Levels.,False
2026-01-04,13:51,Note to self: AI won't replace you. A person using AI will.,False
2026-01-04,13:57,print('Pivot. Adapt. Overcome.'),False
2026-01-04,13:58,Project Crypto: Because privacy is a human right.,False
2026-01-04,14:16,my love language is distinct variable names.,False
2026-01-04,14:42,momentum is everything.,False
2026-01-04,14:58,Read this carefully: Do the work.,False
2026-01-04,15:03,be undeniable //,False
2026-01-04,15:54,Execution > Ideas.,False
2026-01-04,15:55,print('Routine is freedom.'),False
2026-01-04,16:14,First year B.Tech is just the tutorial level. Skip the cutscenes. #Python #Engineering #Focus,False
2026-01-04,16:36,1/ Tired? Good. That means you're doing it right. ðŸ§µ,False
2026-01-04,17:07,print('The gym is my therapy. The IDE is my canvas.'),False
2026-01-04,17:28,Algorithm for success: While(alive) { grind(); },False
2026-01-04,18:20,Read this carefully: Aesthetic check: Dark mode on everything.,False
2026-01-04,18:44,silence is the loudest scream focus is the sharpest weapon //,False
2026-01-04,19:51,Note to self: Mastery takes time.,False
2026-01-04,20:56,Read this carefully: Create or consume. Choose.,False
2026-01-04,21:05,Control your mind or it will control you.,False
2026-01-04,21:10,"Observation: Aesthetic body, aesthetic code, aesthetic mind.",False
2026-01-04,21:37,schrÃ¶dinger's cat would have loved my buggy code: dead and alive at the same time.,False
2026-01-04,22:00,Control your mind or it will control you. #Python #Engineering #Focus,False
2026-01-04,23:01,Don't tell people your plans. Show them your results.,False
2026-01-04,23:56,print('My code works. I have no idea why.'),False
2026-01-05,10:40,Do you agree? Touching grass? I prefer touching keys.,False
2026-01-05,10:45,Do you agree? Mathematics is the language the universe wrote the source code in.,False
2026-01-05,11:08,Read this carefully: Reading philosophy to debug my own operating system (my brain).,False
2026-01-05,11:19,Do you agree? End game.,False
2026-01-05,11:36,Read this carefully: Frontend makes it look good. Backend makes it work. I do both.,False
2026-01-05,12:12,Mathematics is the language the universe wrote the source code in. #Python #Engineering #Focus,False
2026-01-05,12:44,1/ Your potential is meaningless if you don't execute. ðŸ§µ,False
2026-01-05,13:07,B.Tech life: Surviving on hope and Maggi.,False
2026-01-05,13:29,Read this carefully: Stay dangerous.,False
2026-01-05,13:50,1/ Connecting the dots between Ancient Hindu texts and modern AI. ðŸ§µ,False
2026-01-05,13:52,Do you agree? Everything is data.,False
2026-01-05,13:58,print('Levels.'),False
2026-01-05,14:16,print('Dating is cool but have you ever fixed a bug at 3 AM?'),False
2026-01-05,14:27,Observation: Rest day? Never heard of her.,False
2026-01-05,15:03,stay dangerous.,False
2026-01-05,16:57,Observation: Mediocrity is a crowded place. I prefer the solitude of excellence.,False
2026-01-05,17:09,Project Sera: optimizing my life one line of code at a time.,False
2026-01-05,17:13,Observation: Quality over quantity.,False
2026-01-05,17:53,Reading philosophy to debug my own operating system (my brain). #Python #Engineering #Focus,False
2026-01-05,18:16,stoicism is just an exception handling system for life //,False
2026-01-05,18:54,1/ B.Tech life: Surviving on hope and Maggi. ðŸ§µ,False
2026-01-05,19:04,Note to self: Iâ€™m an engineer. I solve problems I created.,False
2026-01-05,19:12,Do you agree? Converting caffeine into logic.,False
2026-01-05,19:18,"print('Be like water, my friend. Or be like Pythonâ€”adaptable.')",False
2026-01-05,19:28,"print('To understand the macro, you must master the micro.')",False
2026-01-05,19:30,Iâ€™m an engineer. I solve problems I created. #Python #Engineering #Focus,False
2026-01-05,20:42,Read this carefully: Execution > Ideas.,False
2026-01-05,20:44,"Read this carefully: Aesthetic body, aesthetic code, aesthetic mind.",False
2026-01-05,21:18,Project May isn't just code; it's a second brain.,False
2026-01-05,21:27,schrÃ¶dinger's cat would have loved my buggy code: dead and alive at the same time //,False
2026-01-05,21:46,git commit. git push. git better.,False
2026-01-05,22:51,Do you agree? Aesthetic check: Dark mode on everything.,False
2026-01-05,22:52,Tired? Good. That means you're doing it right.,False
2026-01-05,23:04,Read this carefully: Question everything. Even the compiler.,False
2026-01-06,10:10,mastery takes time.,False
2026-01-06,10:19,print('My love language is distinct variable names.'),False
2026-01-06,10:59,Note to self: Smiling because I have no idea what's going on in this lecture.,False
2026-01-06,11:01,logic is the anatomy of thought.,False
2026-01-06,11:02,Code doesn't lie. People do.,False
2026-01-06,11:08,Touching grass? I prefer touching keys.,False
2026-01-06,11:20,Observation: Tired? Good. That means you're doing it right.,False
2026-01-06,11:20,Note to self: Be a ghost. Let the results haunt them.,False
2026-01-06,11:36,Observation: Simplicity is the soul of efficiency.,False
2026-01-06,11:48,Read this carefully: I have 99 problems and a missing semicolon caused 98 of them.,False
2026-01-06,11:57,print('Current mood: sudo rm -rf my_problems'),False
2026-01-06,12:09,Do you agree? B.Tech life: Surviving on hope and Maggi.,False
2026-01-06,12:42,Read this carefully: Git commit. Git push. Git better.,False
2026-01-06,13:46,"Do you agree? Aesthetic body, aesthetic code, aesthetic mind.",False
2026-01-06,14:07,Note to self: The world is noisy. Your code should be clean.,False
2026-01-06,14:39,Note to self: SchrÃ¶dinger's cat would have loved my buggy code: dead and alive at the same time.,False
2026-01-06,14:39,Do you agree? Build in silence. Break the internet when you launch.,False
2026-01-06,14:47,print('Energy speaks.'),False
2026-01-06,15:34,Do you agree? Cryptography is the art of keeping secrets in a world that can't shut up.,False
2026-01-06,15:56,Read this carefully: Learning is the only infinite game.,False
2026-01-06,16:15,Read this carefully: Mathematics is the language the universe wrote the source code in.,False
2026-01-06,16:46,Read this carefully: Less talk. More code.,False
2026-01-06,17:15,Observation: Everything is data.,False
2026-01-06,17:40,"life update: 40% hydration, 60% ambition.",False
2026-01-06,18:12,project may isn't just code; it's a second brain.,False
2026-01-06,18:25,Observation: Keep it simple.,False
2026-01-06,18:41,Note to self: My code works. I have no idea why.,False
2026-01-06,19:03,treat your body like your hardware. don't let it overheat.,False
2026-01-06,19:10,Quantum mechanics proves that reality is just probability.,False
2026-01-06,20:25,Do you agree? Motivation is a feeling. Discipline is a command.,False
2026-01-06,20:45,Read this carefully: Momentum is everything.,False
2026-01-06,21:27,"Note to self: The more I learn about physics, the more spiritual I become.",False
2026-01-06,21:34,print('Create or consume. Choose.'),False
2026-01-06,22:03,Simplicity is the soul of efficiency.,False
2026-01-07,10:53,print('You don't need more time. You need more focus.'),False
2026-01-07,12:35,why fall in love when you can fall into an infinite loop?,False
2026-01-07,12:40,Iâ€™m not anti-social. Iâ€™m just in private repository mode.,False
2026-01-07,13:11,Observation: Routine is freedom.,False
2026-01-07,13:37,Do you agree? My social skills are currently commented out.,False
2026-01-07,13:57,connecting the dots between ancient hindu texts and modern ai.,False
2026-01-07,14:42,"Do you agree? Life update: 40% hydration, 60% ambition.",False
2026-01-07,14:46,SchrÃ¶dinger's cat would have loved my buggy code: dead and alive at the same time.,False
2026-01-07,14:55,Observation: C++ teaches you humility. Python teaches you power.,False
2026-01-07,15:03,Time is relative. That's why deadlines feel faster than weekends.,False
2026-01-07,15:04,Observation: AI won't replace you. A person using AI will.,False
2026-01-07,15:24,Note to self: Git commit. Git push. Git better.,False
2026-01-07,15:33,Note to self: Frontend makes it look good. Backend makes it work. I do both.,False
2026-01-07,15:51,"be like water, my friend. or be like pythonâ€”adaptable.",False
2026-01-07,16:12,Note to self: The gym is my therapy. The IDE is my canvas.,False
2026-01-07,16:59,my laptop has more personality than most people.,False
2026-01-07,17:51,print('A high IQ is useless without high agency.'),False
2026-01-07,17:59,Be undeniable. #Python #Engineering #Focus,False
2026-01-07,18:26,1/ Building my own JARVIS because Siri doesn't understand my ambition. ðŸ§µ,False
2026-01-07,18:33,mathematics is the language the universe wrote the source code in.,False
2026-01-07,19:09,Read this carefully: University teaches you the syllabus. Projects teach you the industry.,False
2026-01-07,19:37,Do you agree? Discipline is the bridge between goals and accomplishment.,False
2026-01-07,19:40,1/ Everything is data. ðŸ§µ,False
2026-01-07,19:57,print('Simplicity is the soul of efficiency.'),False
2026-01-07,20:45,Note to self: Focus on the output.,False
2026-01-07,20:49,1/ Iâ€™m an engineer. I solve problems I created. ðŸ§µ,False
2026-01-07,21:15,aesthetic check: dark mode on everything //,False
2026-01-07,21:17,Read this carefully: Algorithm for success: While(alive) { grind(); },False
2026-01-07,21:46,obsession is only a disease if you're average.,False
2026-01-07,22:24,"Do you agree? If it was easy, everyone would have a 9.5 CGPA.",False
2026-01-07,22:52,Dating is cool but have you ever fixed a bug at 3 AM?,False
2026-01-07,23:09,"life update: 40% hydration, 60% ambition //",False
2026-01-07,23:30,"print('Aesthetic body, aesthetic code, aesthetic mind.')",False
2026-01-07,23:58,My love language is distinct variable names.,False
2026-01-08,10:31,Do you agree? Pivot. Adapt. Overcome.,False
2026-01-08,10:47,Quantum mechanics proves that reality is just probability. #Python #Engineering #Focus,False
2026-01-08,10:53,print('Project Sera: optimizing my life one line of code at a time.'),False
2026-01-08,11:13,Project Sera: optimizing my life one line of code at a time. #Python #Engineering #Focus,False
2026-01-08,11:37,print('Design your life.'),False
2026-01-08,12:26,Design your life.,False
2026-01-08,12:48,Read this carefully: Simplicity is the soul of efficiency.,False
2026-01-08,13:00,Cryptography is the art of keeping secrets in a world that can't shut up. #Python #Engineering #Focus,False
2026-01-08,14:00,"Read this carefully: If it was easy, everyone would have a 9.5 CGPA.",False
2026-01-08,15:07,Read this carefully: My love language is distinct variable names.,False
2026-01-08,15:17,"Read this carefully: Life update: 40% hydration, 60% ambition.",False
2026-01-08,15:26,"be like water, my friend or be like pythonâ€”adaptable //",False
2026-01-08,15:50,print('Learning is the only infinite game.'),False
2026-01-08,16:30,Note to self: Mediocrity is a crowded place. I prefer the solitude of excellence.,False
2026-01-08,17:05,print('Time is relative. That's why deadlines feel faster than weekends.'),False
2026-01-08,17:25,Do you agree? The universe is optimized for balance. Be the chaos that disrupts it.,False
2026-01-08,17:33,routine is freedom //,False
2026-01-08,17:41,Note to self: Question everything. Even the compiler.,False
2026-01-08,17:43,do the work.,False
2026-01-08,18:56,Python is the closest thing to writing in pure thought. #Python #Engineering #Focus,False
2026-01-08,19:02,1/ Python is the closest thing to writing in pure thought. ðŸ§µ,False
2026-01-08,19:23,Note to self: Tired? Good. That means you're doing it right.,False
2026-01-08,19:43,my love language is distinct variable names //,False
2026-01-08,19:48,don't tell people your plans. show them your results.,False
2026-01-08,20:16,print('My social skills are currently commented out.'),False
2026-01-08,21:21,Read this carefully: Gravity is just the curvature of spacetime. Stress is just the curvature of perspective.,False
2026-01-08,21:26,Note to self: Simplicity is the soul of efficiency.,False
2026-01-08,22:10,"print('I speak three languages: English, Hindi, and Python.')",False
2026-01-08,22:47,ai won't replace you. a person using ai will.,False
2026-01-08,23:11,Read this carefully: The world is noisy. Your code should be clean.,False
2026-01-08,23:15,1/ Iâ€™m not anti-social. Iâ€™m just in private repository mode. ðŸ§µ,False
2026-01-08,23:25,Read this carefully: Routine is freedom.,False
2026-01-08,23:30,Observation: The world is noisy. Your code should be clean.,False
2026-01-08,23:44,Observation: Cryptography is the art of keeping secrets in a world that can't shut up.,False
2026-01-09,10:38,1/ Treat your body like your hardware. Don't let it overheat. ðŸ§µ,False
2026-01-09,10:46,levels //,False
2026-01-09,11:11,Observation: Pain is temporary. Quitting lasts forever.,False
2026-01-09,11:16,code doesn't lie people do //,False
2026-01-09,11:31,1/ Pain is temporary. Quitting lasts forever. ðŸ§µ,False
2026-01-09,11:41,quantum mechanics proves that reality is just probability //,False
2026-01-09,12:31,Levels. #Python #Engineering #Focus,False
2026-01-09,13:36,print('My laptop has more personality than most people.'),False
2026-01-09,13:42,Observation: Don't tell people your plans. Show them your results.,False
2026-01-09,13:56,Note to self: Building my own JARVIS because Siri doesn't understand my ambition.,False
2026-01-09,15:13,1/ Mastery takes time. ðŸ§µ,False
2026-01-09,15:32,learning is the only infinite game.,False
2026-01-09,16:12,discipline is the bridge between goals and accomplishment.,False
2026-01-09,16:25,print('Brain: 'You need sleep.' Me: 'One more function.''),False
2026-01-09,16:47,comfort is the enemy of progress //,False
2026-01-09,17:54,Do you agree? Speed creates friction.,False
2026-01-09,18:08,A high IQ is useless without high agency.,False
2026-01-09,18:21,Observation: Normalize obsession.,False
2026-01-09,19:40,Read this carefully: Pain is temporary. Quitting lasts forever.,False
2026-01-09,19:56,My laptop has more personality than most people. #Python #Engineering #Focus,False
2026-01-09,20:01,Observation: SchrÃ¶dinger's cat would have loved my buggy code: dead and alive at the same time.,False
2026-01-09,20:11,Observation: First year B.Tech is just the tutorial level. Skip the cutscenes.,False
2026-01-09,20:24,1/ Stay dangerous. ðŸ§µ,False
2026-01-09,20:30,Project Crypto: Because privacy is a human right. #Python #Engineering #Focus,False
2026-01-09,20:55,"aesthetic body, aesthetic code, aesthetic mind.",False
2026-01-09,20:56,"History doesn't repeat itself, but human nature does.",False
2026-01-09,20:58,Note to self: C++ teaches you humility. Python teaches you power.,False
2026-01-09,21:08,print('The world is noisy. Your code should be clean.'),False
2026-01-09,21:26,print('Focus on the output.'),False
2026-01-09,21:50,Do you agree? Routine is freedom.,False
2026-01-09,21:51,Iâ€™m an engineer. I solve problems I created.,False
2026-01-09,21:54,logic is the anatomy of thought //,False
2026-01-09,23:39,print('B.Tech life: Surviving on hope and Maggi.'),False
2026-01-09,23:57,1/ Be undeniable. ðŸ§µ,False
2026-01-10,11:02,Read this carefully: Project May isn't just code; it's a second brain.,False
2026-01-10,11:07,"i put the 'pro' in procrastinate wait, no //",False
2026-01-10,11:21,1/ Mathematics is the language the universe wrote the source code in. ðŸ§µ,False
2026-01-10,11:37,the world is noisy. your code should be clean.,False
2026-01-10,13:20,Read this carefully: Motivation is a feeling. Discipline is a command.,False
2026-01-10,13:37,1/ Dating is cool but have you ever fixed a bug at 3 AM? ðŸ§µ,False
2026-01-10,14:05,1/ Aesthetic check: Dark mode on everything. ðŸ§µ,False
2026-01-10,14:06,Note to self: Stay dangerous.,False
2026-01-10,14:49,print('Entropy always increases. Keep your room clean to fight the universe.'),False
2026-01-10,15:33,Do you agree? Focus on the output.,False
2026-01-10,16:34,print('Mastery takes time.'),False
2026-01-10,16:35,Design your life. #Python #Engineering #Focus,False
2026-01-10,16:48,Read this carefully: Control your mind or it will control you.,False
2026-01-10,16:49,print('Why fall in love when you can fall into an infinite loop?'),False
2026-01-10,17:07,C++ teaches you humility. Python teaches you power. #Python #Engineering #Focus,False
2026-01-10,17:08,Do you agree? Quantum mechanics proves that reality is just probability.,False
2026-01-10,17:09,Observation: The gym is my therapy. The IDE is my canvas.,False
2026-01-10,17:12,Read this carefully: Stoicism is just an exception handling system for life.,False
2026-01-10,17:19,print('Algorithm for success: While(alive) { grind(); }'),False
2026-01-10,17:44,smiling because i have no idea what's going on in this lecture.,False
2026-01-10,18:48,"i put the 'pro' in procrastinate... wait, no.",False
2026-01-10,18:51,Frontend makes it look good. Backend makes it work. I do both. #Python #Engineering #Focus,False
2026-01-10,19:46,Read this carefully: Speed creates friction.,False
2026-01-10,20:01,"Aesthetic body, aesthetic code, aesthetic mind. #Python #Engineering #Focus",False
2026-01-10,20:15,1/ Wisdom is knowing what to ignore. ðŸ§µ,False
2026-01-10,20:44,1/ Control your mind or it will control you. ðŸ§µ,False
2026-01-10,20:50,Observation: Be a ghost. Let the results haunt them.,False
2026-01-10,21:32,comfort is the enemy of progress.,False
2026-01-10,22:07,Note to self: Obsession is only a disease if you're average.,False
2026-01-10,22:24,1/ Less talk. More code. ðŸ§µ,False
2026-01-10,22:29,Read this carefully: My code works. I have no idea why.,False
2026-01-10,22:44,Do you agree? Treat your body like your hardware. Don't let it overheat.,False
2026-01-10,23:04,Observation: You don't need more time. You need more focus.,False
2026-01-10,23:59,Do you agree? Current mood: sudo rm -rf my_problems,False
2026-01-11,10:21,Observation: Iâ€™m not anti-social. Iâ€™m just in private repository mode.,False
2026-01-11,11:08,"Note to self: If it was easy, everyone would have a 9.5 CGPA.",False
2026-01-11,11:17,Observation: Learning is the only infinite game.,False
2026-01-11,11:41,Note to self: 5 AM in Gurugram. The rest are dreaming; I'm building.,False
2026-01-11,11:50,Observation: Project Crypto: Because privacy is a human right.,False
2026-01-11,12:21,"I speak three languages: English, Hindi, and Python.",False
2026-01-11,12:25,Note to self: Converting caffeine into logic.,False
2026-01-11,12:32,"Do you agree? History doesn't repeat itself, but human nature does.",False
2026-01-11,12:55,Note to self: Logic is the anatomy of thought.,False
2026-01-11,13:11,Note to self: Current mood: sudo rm -rf my_problems,False
2026-01-11,14:11,Converting caffeine into logic.,False
2026-01-11,15:00,Read this carefully: Quantum mechanics proves that reality is just probability.,False
2026-01-11,15:08,Observation: Why fall in love when you can fall into an infinite loop?,False
2026-01-11,15:10,Treat your body like your hardware. Don't let it overheat. #Python #Engineering #Focus,False
2026-01-11,15:29,Why fall in love when you can fall into an infinite loop?,False
2026-01-11,16:06,pivot adapt overcome //,False
2026-01-11,16:12,Observation: My laptop has more personality than most people.,False
2026-01-11,17:23,Quality over quantity. #Python #Engineering #Focus,False
2026-01-11,17:45,you don't need more time. you need more focus.,False
2026-01-11,18:07,Observation: My social skills are currently commented out.,False
2026-01-11,19:14,university teaches you the syllabus. projects teach you the industry.,False
2026-01-11,19:29,Do you agree? Gravity is just the curvature of spacetime. Stress is just the curvature of perspective.,False
2026-01-11,19:36,Pain is temporary. Quitting lasts forever. #Python #Engineering #Focus,False
2026-01-11,21:00,Read this carefully: Iâ€™m an engineer. I solve problems I created.,False
2026-01-11,21:21,project crypto: because privacy is a human right //,False
2026-01-11,21:24,1/ Cryptography is the art of keeping secrets in a world that can't shut up. ðŸ§µ,False
2026-01-11,21:42,pain is temporary. quitting lasts forever.,False
2026-01-11,22:06,Comfort is the enemy of progress. #Python #Engineering #Focus,False
2026-01-11,22:10,Do you agree? Control your mind or it will control you.,False
2026-01-11,22:57,"Read this carefully: To understand the macro, you must master the micro.",False
2026-01-11,23:07,1/ Question everything. Even the compiler. ðŸ§µ,False
2026-01-11,23:15,Observation: Debugging is like being the detective in a crime movie where you are also the murderer.,False
2026-01-11,23:25,Observation: Gravity is just the curvature of spacetime. Stress is just the curvature of perspective.,False
2026-01-11,23:40,Do the work. #Python #Engineering #Focus,False
2026-01-12,11:13,Observation: University teaches you the syllabus. Projects teach you the industry.,False
2026-01-12,11:17,converting caffeine into logic.,False
2026-01-12,11:25,Read this carefully: Writing code that explains itself is the ultimate flex.,False
2026-01-12,13:04,1/ My love language is distinct variable names. ðŸ§µ,False
2026-01-12,13:26,Read this carefully: Discipline is the bridge between goals and accomplishment.,False
2026-01-12,13:27,"Do you agree? To understand the macro, you must master the micro.",False
2026-01-12,13:30,gravity is just the curvature of spacetime stress is just the curvature of perspective //,False
2026-01-12,13:53,Do you agree? Connecting the dots between Ancient Hindu texts and modern AI.,False
2026-01-12,14:24,Observation: Focus on the output.,False
2026-01-12,14:37,Do you agree? Project May isn't just code; it's a second brain.,False
2026-01-12,15:08,iâ€™m not anti-social iâ€™m just in private repository mode //,False
2026-01-12,15:14,Note to self: You don't need more time. You need more focus.,False
2026-01-12,15:46,Read this carefully: Mastery takes time.,False
2026-01-12,15:54,Read this carefully: Entropy always increases. Keep your room clean to fight the universe.,False
2026-01-12,16:00,1/ The gym is my therapy. The IDE is my canvas. ðŸ§µ,False
2026-01-12,16:28,Observation: Design your life.,False
2026-01-12,17:02,Note to self: Brain: 'You need sleep.' Me: 'One more function.',False
2026-01-12,17:23,Observation: Your potential is meaningless if you don't execute.,False
2026-01-12,17:26,1/ Writing code that explains itself is the ultimate flex. ðŸ§µ,False
2026-01-12,17:42,Observation: Watch me.,False
2026-01-12,18:05,iâ€™m an engineer i solve problems i created //,False
2026-01-12,18:43,1/ Project Crypto: Because privacy is a human right. ðŸ§µ,False
2026-01-12,19:14,Learning is the only infinite game.,False
2026-01-12,19:21,Do you agree? Iâ€™m an engineer. I solve problems I created.,False
2026-01-12,19:21,debugging is like being the detective in a crime movie where you are also the murderer //,False
2026-01-12,19:24,Momentum is everything. #Python #Engineering #Focus,False
2026-01-12,19:46,"if it was easy, everyone would have a 9.5 cgpa.",False
2026-01-12,20:01,current mood: sudo rm -rf my_problems,False
2026-01-12,20:29,Read this carefully: Quality over quantity.,False
2026-01-12,20:35,Note to self: Everything is data.,False
2026-01-12,20:59,"Note to self: To understand the macro, you must master the micro.",False
2026-01-12,21:04,print('Aesthetic check: Dark mode on everything.'),False
2026-01-12,23:55,mathematics is the language the universe wrote the source code in //,False
2026-01-13,10:23,print('Wisdom is knowing what to ignore.'),False
2026-01-13,11:05,Observation: Comfort is the enemy of progress.,False
2026-01-13,11:37,Keep it simple. #Python #Engineering #Focus,False
2026-01-13,11:55,print('Less talk. More code.'),False
2026-01-13,12:09,Note to self: Silence is the loudest scream. Focus is the sharpest weapon.,False
2026-01-13,12:25,Observation: Project Sera: optimizing my life one line of code at a time.,False
2026-01-13,12:31,print('Control your mind or it will control you.'),False
2026-01-13,12:40,Note to self: Be undeniable.,False
2026-01-13,12:47,Read this carefully: Rest day? Never heard of her.,False
2026-01-13,14:52,i don't make mistakes i create unexpected learning opportunities //,False
2026-01-13,15:23,execution > ideas.,False
2026-01-13,15:58,You don't need more time. You need more focus. #Python #Engineering #Focus,False
2026-01-13,16:00,"Observation: Life update: 40% hydration, 60% ambition.",False
2026-01-13,16:51,1/ Project Sera: optimizing my life one line of code at a time. ðŸ§µ,False
2026-01-13,17:06,"Note to self: MERN stack is cool, but understanding the fundamentals is cooler.",False
2026-01-13,17:16,Do you agree? Stay dangerous.,False
2026-01-13,17:19,Do you agree? Keep it simple.,False
2026-01-13,17:34,Do you agree? Code doesn't lie. People do.,False
2026-01-13,18:15,"Observation: Be like water, my friend. Or be like Pythonâ€”adaptable.",False
2026-01-13,18:17,the gym is my therapy the ide is my canvas //,False
2026-01-13,18:19,Read this carefully: Build in silence. Break the internet when you launch.,False
2026-01-13,18:39,"Do you agree? I speak three languages: English, Hindi, and Python.",False
2026-01-13,20:12,python is the closest thing to writing in pure thought //,False
2026-01-13,21:04,print('Code doesn't lie. People do.'),False
2026-01-13,21:07,Focus on the output.,False
2026-01-13,21:39,Note to self: Reading philosophy to debug my own operating system (my brain).,False
2026-01-13,21:44,Stay dangerous.,False
2026-01-13,21:56,Note to self: Less talk. More code.,False
2026-01-13,21:59,print('Mathematics is the language the universe wrote the source code in.'),False
2026-01-13,22:48,Discipline is the bridge between goals and accomplishment.,False
2026-01-13,23:33,momentum is everything //,False
2026-01-13,23:45,Smiling because I have no idea what's going on in this lecture.,False
2026-01-13,23:57,print('Connecting the dots between Ancient Hindu texts and modern AI.'),False
2026-01-14,10:47,"The more I learn about physics, the more spiritual I become.",False
2026-01-14,11:30,Observation: Stay dangerous.,False
2026-01-14,11:46,"mern stack is cool, but understanding the fundamentals is cooler //",False
2026-01-14,12:03,Do you agree? Levels.,False
2026-01-14,12:11,"Observation: If it was easy, everyone would have a 9.5 CGPA.",False
2026-01-14,12:23,AI won't replace you. A person using AI will. #Python #Engineering #Focus,False
2026-01-14,12:42,gravity is just the curvature of spacetime. stress is just the curvature of perspective.,False
2026-01-14,13:36,Do you agree? Frontend makes it look good. Backend makes it work. I do both.,False
2026-01-14,13:44,project may isn't just code; it's a second brain //,False
2026-01-14,14:21,Note to self: Design your life.,False
2026-01-14,14:22,Wisdom is knowing what to ignore. #Python #Engineering #Focus,False
2026-01-14,14:29,Read this carefully: Design your life.,False
2026-01-14,15:14,learning is the only infinite game //,False
2026-01-14,15:20,My social skills are currently commented out. #Python #Engineering #Focus,False
2026-01-14,15:22,Observation: Code doesn't lie. People do.,False
2026-01-14,16:02,focus on the output //,False
2026-01-14,16:59,Observation: Momentum is everything.,False
2026-01-14,17:00,Motivation is a feeling. Discipline is a command.,False
2026-01-14,17:01,Observation: Logic is the anatomy of thought.,False
2026-01-14,17:25,Do you agree? Writing code that explains itself is the ultimate flex.,False
2026-01-14,18:04,Do you agree? Do the work.,False
2026-01-14,18:19,Note to self: Why fall in love when you can fall into an infinite loop?,False
2026-01-14,18:47,"I speak three languages: English, Hindi, and Python. #Python #Engineering #Focus",False
2026-01-14,19:23,Observation: Time is relative. That's why deadlines feel faster than weekends.,False
2026-01-14,19:58,1/ Discipline is the bridge between goals and accomplishment. ðŸ§µ,False
2026-01-14,20:43,university teaches you the syllabus projects teach you the industry //,False
2026-01-14,20:55,print('Touching grass? I prefer touching keys.'),False
2026-01-14,20:56,why fall in love when you can fall into an infinite loop? //,False
2026-01-14,20:57,Stay dangerous. #Python #Engineering #Focus,False
2026-01-14,21:24,quality over quantity //,False
2026-01-14,21:57,My social skills are currently commented out.,False
2026-01-14,22:07,Do you agree? Question everything. Even the compiler.,False
2026-01-14,23:19,Observation: Stoicism is just an exception handling system for life.,False
2026-01-15,10:38,print('Quantum mechanics proves that reality is just probability.'),False
2026-01-15,10:48,Observation: I have 99 problems and a missing semicolon caused 98 of them.,False
2026-01-15,11:12,Do you agree? You don't need more time. You need more focus.,False
2026-01-15,11:44,1/ The universe is optimized for balance. Be the chaos that disrupts it. ðŸ§µ,False
2026-01-15,12:09,"Aesthetic body, aesthetic code, aesthetic mind.",False
2026-01-15,12:36,Read this carefully: AI won't replace you. A person using AI will.,False
2026-01-15,13:03,don't tell people your plans show them your results //,False
2026-01-15,13:05,print('Discipline is the bridge between goals and accomplishment.'),False
2026-01-15,14:31,"print('I put the 'pro' in procrastinate... wait, no.')",False
2026-01-15,14:53,The gym is my therapy. The IDE is my canvas. #Python #Engineering #Focus,False
2026-01-15,14:59,Motivation is a feeling. Discipline is a command. #Python #Engineering #Focus,False
2026-01-15,15:11,discipline is the bridge between goals and accomplishment //,False
2026-01-15,17:06,Observation: Speed creates friction.,False
2026-01-15,17:20,Note to self: Quantum mechanics proves that reality is just probability.,False
2026-01-15,17:29,Do you agree? University teaches you the syllabus. Projects teach you the industry.,False
2026-01-15,18:07,1/ Reading philosophy to debug my own operating system (my brain). ðŸ§µ,False
2026-01-15,18:11,Read this carefully: Be a ghost. Let the results haunt them.,False
2026-01-15,18:27,Read this carefully: I don't make mistakes. I create unexpected learning opportunities.,False
2026-01-15,18:34,Read this carefully: Current mood: sudo rm -rf my_problems,False
2026-01-15,18:42,Time is relative. That's why deadlines feel faster than weekends. #Python #Engineering #Focus,False
2026-01-15,18:50,energy speaks.,False
2026-01-15,19:24,Entropy always increases. Keep your room clean to fight the universe.,False
2026-01-15,19:55,i don't make mistakes. i create unexpected learning opportunities.,False
2026-01-15,20:18,"Read this carefully: The more I learn about physics, the more spiritual I become.",False
2026-01-15,20:49,print('Mediocrity is a crowded place. I prefer the solitude of excellence.'),False
2026-01-15,20:52,Git commit. Git push. Git better. #Python #Engineering #Focus,False
2026-01-15,21:40,1/ Smiling because I have no idea what's going on in this lecture. ðŸ§µ,False
2026-01-15,21:44,"Do you agree? Be like water, my friend. Or be like Pythonâ€”adaptable.",False
2026-01-15,22:32,Note to self: My love language is distinct variable names.,False
2026-01-15,23:00,motivation is a feeling discipline is a command //,False
2026-01-15,23:28,Mediocrity is a crowded place. I prefer the solitude of excellence.,False
2026-01-15,23:36,5 am in gurugram the rest are dreaming; i'm building //,False
2026-01-15,23:40,your potential is meaningless if you don't execute.,False
2026-01-16,10:00,"1/ History doesn't repeat itself, but human nature does. ðŸ§µ",False
2026-01-16,10:00,Connecting the dots between Ancient Hindu texts and modern AI. #Python #Engineering #Focus,False
2026-01-16,10:32,"1/ I put the 'pro' in procrastinate... wait, no. ðŸ§µ",False
2026-01-16,10:51,speed creates friction //,False
2026-01-16,11:16,Observation: Control your mind or it will control you.,False
2026-01-16,12:01,print('AI won't replace you. A person using AI will.'),False
2026-01-16,12:50,Note to self: Dating is cool but have you ever fixed a bug at 3 AM?,False
2026-01-16,12:50,cryptography is the art of keeping secrets in a world that can't shut up //,False
2026-01-16,12:54,Read this carefully: A polymath sees the pattern in everything.,False
2026-01-16,13:06,Note to self: Mathematics is the language the universe wrote the source code in.,False
2026-01-16,13:13,Momentum is everything.,False
2026-01-16,14:45,Read this carefully: Pivot. Adapt. Overcome.,False
2026-01-16,15:29,My love language is distinct variable names. #Python #Engineering #Focus,False
2026-01-16,16:05,you don't need more time you need more focus //,False
2026-01-16,17:50,print('Watch me.'),False
2026-01-16,17:53,Observation: Execution > Ideas.,False
2026-01-16,18:16,writing code that explains itself is the ultimate flex.,False
2026-01-16,18:32,Note to self: Project May isn't just code; it's a second brain.,False
2026-01-16,18:40,End game. #Python #Engineering #Focus,False
2026-01-16,18:46,"Note to self: I speak three languages: English, Hindi, and Python.",False
2026-01-16,19:04,print('Cryptography is the art of keeping secrets in a world that can't shut up.'),False
2026-01-16,19:13,Routine is freedom. #Python #Engineering #Focus,False
2026-01-16,19:44,Note to self: Python is the closest thing to writing in pure thought.,False
2026-01-16,19:46,Do you agree? Watch me.,False
2026-01-16,19:56,I don't make mistakes. I create unexpected learning opportunities.,False
2026-01-16,20:14,tired? good that means you're doing it right //,False
2026-01-16,20:49,time is relative that's why deadlines feel faster than weekends //,False
2026-01-16,21:15,print('Project May isn't just code; it's a second brain.'),False
2026-01-16,21:29,print('Execution > Ideas.'),False
2026-01-16,21:42,Obsession is only a disease if you're average.,False
2026-01-16,23:22,Do you agree? My code works. I have no idea why.,False
2026-01-16,23:44,do the work //,False
2026-01-16,23:56,Read this carefully: Converting caffeine into logic.,False
2026-01-17,10:42,Do you agree? 5 AM in Gurugram. The rest are dreaming; I'm building.,False
2026-01-17,10:52,be a ghost. let the results haunt them.,False
2026-01-17,11:02,"1/ I speak three languages: English, Hindi, and Python. ðŸ§µ",False
2026-01-17,11:20,Entropy always increases. Keep your room clean to fight the universe. #Python #Engineering #Focus,False
2026-01-17,11:29,print('Speed creates friction.'),False
2026-01-17,14:18,building my own jarvis because siri doesn't understand my ambition //,False
2026-01-17,14:46,print('Don't tell people your plans. Show them your results.'),False
2026-01-17,15:28,"1/ Be like water, my friend. Or be like Pythonâ€”adaptable. ðŸ§µ",False
2026-01-17,15:33,1/ 5 AM in Gurugram. The rest are dreaming; I'm building. ðŸ§µ,False
2026-01-17,15:39,Do you agree? I have 99 problems and a missing semicolon caused 98 of them.,False
2026-01-17,15:40,Note to self: My laptop has more personality than most people.,False
2026-01-17,15:47,Note to self: Algorithm for success: While(alive) { grind(); },False
2026-01-17,16:16,The world is noisy. Your code should be clean.,False
2026-01-17,16:18,Do you agree? Dating is cool but have you ever fixed a bug at 3 AM?,False
2026-01-17,16:57,Do you agree? Python is the closest thing to writing in pure thought.,False
2026-01-17,17:07,pivot. adapt. overcome.,False
2026-01-17,17:27,Note to self: Treat your body like your hardware. Don't let it overheat.,False
2026-01-17,17:29,1/ Silence is the loudest scream. Focus is the sharpest weapon. ðŸ§µ,False
2026-01-17,17:30,Read this carefully: Cryptography is the art of keeping secrets in a world that can't shut up.,False
2026-01-17,18:02,Read this carefully: A high IQ is useless without high agency.,False
2026-01-17,18:25,touching grass? i prefer touching keys.,False
2026-01-17,18:58,git commit git push git better //,False
2026-01-17,19:11,1/ End game. ðŸ§µ,False
2026-01-17,19:42,"print('The more I learn about physics, the more spiritual I become.')",False
2026-01-17,19:58,Read this carefully: Connecting the dots between Ancient Hindu texts and modern AI.,False
2026-01-17,20:03,1/ Current mood: sudo rm -rf my_problems ðŸ§µ,False
2026-01-17,20:14,Do you agree? Project Crypto: Because privacy is a human right.,False
2026-01-17,20:33,levels.,False
2026-01-17,21:32,Read this carefully: Silence is the loudest scream. Focus is the sharpest weapon.,False
2026-01-17,22:15,Do you agree? My love language is distinct variable names.,False
2026-01-17,22:17,brain: 'you need sleep' me: 'one more function' //,False
2026-01-17,22:17,Note to self: Touching grass? I prefer touching keys.,False
2026-01-17,23:17,print('Be a ghost. Let the results haunt them.'),False
2026-01-18,10:05,Do you agree? My laptop has more personality than most people.,False
2026-01-18,10:25,btech life: surviving on hope and maggi //,False
2026-01-18,11:42,Read this carefully: Dating is cool but have you ever fixed a bug at 3 AM?,False
2026-01-18,12:08,1/ Speed creates friction. ðŸ§µ,False
2026-01-18,12:38,"Read this carefully: I speak three languages: English, Hindi, and Python.",False
2026-01-18,13:24,Stoicism is just an exception handling system for life.,False
2026-01-18,13:24,"The more I learn about physics, the more spiritual I become. #Python #Engineering #Focus",False
2026-01-18,13:49,1/ Momentum is everything. ðŸ§µ,False
2026-01-18,14:00,routine is freedom.,False
2026-01-18,15:14,Brain: 'You need sleep.' Me: 'One more function.' #Python #Engineering #Focus,False
2026-01-18,15:20,Observation: Git commit. Git push. Git better.,False
2026-01-18,16:47,Normalize obsession.,False
2026-01-18,17:05,"Note to self: History doesn't repeat itself, but human nature does.",False
2026-01-18,17:55,1/ Normalize obsession. ðŸ§µ,False
2026-01-18,18:09,Observation: Python is the closest thing to writing in pure thought.,False
2026-01-18,18:32,Observation: Pivot. Adapt. Overcome.,False
2026-01-18,18:45,Note to self: Aesthetic check: Dark mode on everything.,False
2026-01-18,18:57,Read this carefully: Time is relative. That's why deadlines feel faster than weekends.,False
2026-01-18,19:20,Do you agree? Entropy always increases. Keep your room clean to fight the universe.,False
2026-01-18,19:26,Read this carefully: Normalize obsession.,False
2026-01-18,20:43,Logic is the anatomy of thought.,False
2026-01-18,21:23,my social skills are currently commented out.,False
2026-01-18,21:40,Aesthetic check: Dark mode on everything.,False
2026-01-18,21:50,Your potential is meaningless if you don't execute. #Python #Engineering #Focus,False
2026-01-18,21:54,current mood: sudo rm -rf my_problems //,False
2026-01-18,22:04,Do you agree? Pain is temporary. Quitting lasts forever.,False
2026-01-18,22:05,Read this carefully: Be undeniable.,False
2026-01-18,22:28,1/ C++ teaches you humility. Python teaches you power. ðŸ§µ,False
2026-01-18,22:41,normalize obsession //,False
2026-01-18,22:47,Smiling because I have no idea what's going on in this lecture. #Python #Engineering #Focus,False
2026-01-18,22:54,Simplicity is the soul of efficiency. #Python #Engineering #Focus,False
2026-01-18,23:10,"To understand the macro, you must master the micro. #Python #Engineering #Focus",False
2026-01-18,23:17,build in silence break the internet when you launch //,False
2026-01-19,11:18,treat your body like your hardware don't let it overheat //,False
2026-01-19,12:22,1/ Debugging is like being the detective in a crime movie where you are also the murderer. ðŸ§µ,False
2026-01-19,12:22,print('Your potential is meaningless if you don't execute.'),False
2026-01-19,12:31,"aesthetic body, aesthetic code, aesthetic mind //",False
2026-01-19,13:22,iâ€™m an engineer. i solve problems i created.,False
2026-01-19,13:46,Note to self: Build in silence. Break the internet when you launch.,False
2026-01-19,14:23,building my own jarvis because siri doesn't understand my ambition.,False
2026-01-19,14:43,Observation: Touching grass? I prefer touching keys.,False
2026-01-19,14:57,my code works. i have no idea why.,False
2026-01-19,14:58,print('Quality over quantity.'),False
2026-01-19,15:27,Note to self: My social skills are currently commented out.,False
2026-01-19,16:31,code doesn't lie. people do.,False
2026-01-19,16:33,Read this carefully: Code doesn't lie. People do.,False
2026-01-19,16:57,print('Obsession is only a disease if you're average.'),False
2026-01-19,17:32,1/ Stoicism is just an exception handling system for life. ðŸ§µ,False
2026-01-19,18:30,Note to self: Project Crypto: Because privacy is a human right.,False
2026-01-19,18:40,1/ Be a ghost. Let the results haunt them. ðŸ§µ,False
2026-01-19,18:44,1/ Converting caffeine into logic. ðŸ§µ,False
2026-01-19,19:24,print('Stay dangerous.'),False
2026-01-19,19:43,Read this carefully: The universe is optimized for balance. Be the chaos that disrupts it.,False
2026-01-19,20:09,"Observation: MERN stack is cool, but understanding the fundamentals is cooler.",False
2026-01-19,20:14,Read this carefully: Python is the closest thing to writing in pure thought.,False
2026-01-19,20:22,"Note to self: Be like water, my friend. Or be like Pythonâ€”adaptable.",False
2026-01-19,20:42,Do you agree? SchrÃ¶dinger's cat would have loved my buggy code: dead and alive at the same time.,False
2026-01-19,21:06,Do you agree? Momentum is everything.,False
2026-01-19,21:07,1/ Git commit. Git push. Git better. ðŸ§µ,False
2026-01-19,21:18,Read this carefully: Tired? Good. That means you're doing it right.,False
2026-01-19,21:31,"the more i learn about physics, the more spiritual i become //",False
2026-01-19,21:34,Python is the closest thing to writing in pure thought.,False
2026-01-19,21:40,print('Smiling because I have no idea what's going on in this lecture.'),False
2026-01-19,21:52,Energy speaks. #Python #Engineering #Focus,False
2026-01-19,23:05,aesthetic check: dark mode on everything.,False
2026-01-19,23:18,1/ Levels. ðŸ§µ,False
2026-01-20,11:01,normalize obsession.,False
2026-01-20,11:31,Observation: Be undeniable.,False
2026-01-20,11:47,Frontend makes it look good. Backend makes it work. I do both.,False
2026-01-20,11:53,"Be like water, my friend. Or be like Pythonâ€”adaptable. #Python #Engineering #Focus",False
2026-01-20,12:02,Speed creates friction.,False
2026-01-20,12:19,1/ Focus on the output. ðŸ§µ,False
2026-01-20,12:36,print('I don't make mistakes. I create unexpected learning opportunities.'),False
2026-01-20,13:11,print('End game.'),False
2026-01-20,13:18,"1/ To understand the macro, you must master the micro. ðŸ§µ",False
2026-01-20,13:21,Read this carefully: Logic is the anatomy of thought.,False
2026-01-20,14:19,1/ University teaches you the syllabus. Projects teach you the industry. ðŸ§µ,False
2026-01-20,14:29,1/ Code doesn't lie. People do. ðŸ§µ,False
2026-01-20,14:36,Read this carefully: End game.,False
2026-01-20,15:19,The gym is my therapy. The IDE is my canvas.,False
2026-01-20,16:15,control your mind or it will control you.,False
2026-01-20,16:18,Observation: Obsession is only a disease if you're average.,False
2026-01-20,16:35,Do you agree? Silence is the loudest scream. Focus is the sharpest weapon.,False
2026-01-20,16:43,Normalize obsession. #Python #Engineering #Focus,False
2026-01-20,17:02,"Note to self: Aesthetic body, aesthetic code, aesthetic mind.",False
2026-01-20,19:09,End game.,False
2026-01-20,19:23,Note to self: Speed creates friction.,False
2026-01-20,19:33,writing code that explains itself is the ultimate flex //,False
2026-01-20,19:50,"Observation: I put the 'pro' in procrastinate... wait, no.",False
2026-01-20,20:17,Do you agree? Why fall in love when you can fall into an infinite loop?,False
2026-01-20,20:52,"Do you agree? The more I learn about physics, the more spiritual I become.",False
2026-01-20,21:41,"Life update: 40% hydration, 60% ambition.",False
2026-01-20,21:57,project crypto: because privacy is a human right.,False
2026-01-20,22:06,"Life update: 40% hydration, 60% ambition. #Python #Engineering #Focus",False
2026-01-20,22:38,My code works. I have no idea why. #Python #Engineering #Focus,False
2026-01-20,22:45,"print('If it was easy, everyone would have a 9.5 CGPA.')",False
2026-01-20,22:48,Read this carefully: Energy speaks.,False
2026-01-20,22:57,print('First year B.Tech is just the tutorial level. Skip the cutscenes.'),False
2026-01-20,23:31,Observation: Motivation is a feeling. Discipline is a command.,False
2026-01-21,10:26,Logic is the anatomy of thought. #Python #Engineering #Focus,False
2026-01-21,10:43,1/ SchrÃ¶dinger's cat would have loved my buggy code: dead and alive at the same time. ðŸ§µ,False
2026-01-21,10:47,Routine is freedom.,False
2026-01-21,11:26,Note to self: Learning is the only infinite game.,False
2026-01-21,11:40,1/ Don't tell people your plans. Show them your results. ðŸ§µ,False
2026-01-21,12:05,1/ Brain: 'You need sleep.' Me: 'One more function.' ðŸ§µ,False
2026-01-21,13:24,Read this carefully: Treat your body like your hardware. Don't let it overheat.,False
2026-01-21,13:38,Observation: Iâ€™m an engineer. I solve problems I created.,False
2026-01-21,13:56,simplicity is the soul of efficiency.,False
2026-01-21,14:08,"mern stack is cool, but understanding the fundamentals is cooler.",False
2026-01-21,15:38,Note to self: Iâ€™m not anti-social. Iâ€™m just in private repository mode.,False
2026-01-21,16:24,"history doesn't repeat itself, but human nature does.",False
2026-01-21,16:44,Note to self: A polymath sees the pattern in everything.,False
2026-01-21,17:47,A polymath sees the pattern in everything. #Python #Engineering #Focus,False
2026-01-21,18:12,Do you agree? Smiling because I have no idea what's going on in this lecture.,False
2026-01-21,18:50,Mathematics is the language the universe wrote the source code in.,False
2026-01-21,18:52,1/ Why fall in love when you can fall into an infinite loop? ðŸ§µ,False
2026-01-21,18:56,Read this carefully: SchrÃ¶dinger's cat would have loved my buggy code: dead and alive at the same time.,False
2026-01-21,20:30,Note to self: Normalize obsession.,False
2026-01-21,20:39,1/ You don't need more time. You need more focus. ðŸ§µ,False
2026-01-21,20:42,Read this carefully: Building my own JARVIS because Siri doesn't understand my ambition.,False
2026-01-21,21:09,Don't tell people your plans. Show them your results. #Python #Engineering #Focus,False
2026-01-21,21:37,Note to self: Watch me.,False
2026-01-21,22:01,I have 99 problems and a missing semicolon caused 98 of them.,False
2026-01-21,22:10,create or consume choose //,False
2026-01-21,22:59,Do you agree? A polymath sees the pattern in everything.,False
2026-01-21,23:01,b.tech life: surviving on hope and maggi.,False
2026-01-21,23:12,Note to self: End game.,False
2026-01-21,23:13,your potential is meaningless if you don't execute //,False
2026-01-21,23:20,Keep it simple.,False
2026-01-21,23:23,print('Motivation is a feeling. Discipline is a command.'),False
2026-01-21,23:31,print('Writing code that explains itself is the ultimate flex.'),False
2026-01-21,23:32,print('Momentum is everything.'),False
2026-01-22,10:26,"Note to self: I put the 'pro' in procrastinate... wait, no.",False
2026-01-22,11:04,Read this carefully: Smiling because I have no idea what's going on in this lecture.,False
2026-01-22,11:21,project sera: optimizing my life one line of code at a time.,False
2026-01-22,11:23,quantum mechanics proves that reality is just probability.,False
2026-01-22,11:46,Note to self: B.Tech life: Surviving on hope and Maggi.,False
2026-01-22,12:06,1/ Algorithm for success: While(alive) { grind(); } ðŸ§µ,False
2026-01-22,12:33,Writing code that explains itself is the ultimate flex.,False
2026-01-22,14:07,My laptop has more personality than most people.,False
2026-01-22,15:05,The universe is optimized for balance. Be the chaos that disrupts it. #Python #Engineering #Focus,False
2026-01-22,15:19,the gym is my therapy. the ide is my canvas.,False
2026-01-22,15:31,print('Tired? Good. That means you're doing it right.'),False
2026-01-22,15:45,Building my own JARVIS because Siri doesn't understand my ambition. #Python #Engineering #Focus,False
2026-01-22,17:23,Do you agree? Mastery takes time.,False
2026-01-22,18:15,Project May isn't just code; it's a second brain. #Python #Engineering #Focus,False
2026-01-22,18:42,Observation: Do the work.,False
2026-01-22,19:34,Discipline is the bridge between goals and accomplishment. #Python #Engineering #Focus,False
2026-01-22,19:38,5 AM in Gurugram. The rest are dreaming; I'm building.,False
2026-01-22,19:39,Create or consume. Choose.,False
2026-01-22,19:49,Observation: Building my own JARVIS because Siri doesn't understand my ambition.,False
2026-01-22,20:11,1/ Gravity is just the curvature of spacetime. Stress is just the curvature of perspective. ðŸ§µ,False
2026-01-22,21:10,Observation: Converting caffeine into logic.,False
2026-01-22,21:20,1/ Execution > Ideas. ðŸ§µ,False
2026-01-22,21:30,end game.,False
2026-01-22,21:55,Note to self: Pain is temporary. Quitting lasts forever.,False
2026-01-22,22:55,print('Normalize obsession.'),False
2026-01-22,22:58,Observation: Writing code that explains itself is the ultimate flex.,False
2026-01-22,23:06,first year b.tech is just the tutorial level. skip the cutscenes.,False
2026-01-22,23:09,1/ Energy speaks. ðŸ§µ,False
2026-01-22,23:10,Read this carefully: Your potential is meaningless if you don't execute.,False
2026-01-22,23:11,print('Pain is temporary. Quitting lasts forever.'),False
2026-01-22,23:14,Observation: Algorithm for success: While(alive) { grind(); },False
2026-01-22,23:21,print('Logic is the anatomy of thought.'),False
2026-01-22,23:42,"Observation: The more I learn about physics, the more spiritual I become.",False
2026-01-23,10:54,focus on the output.,False
2026-01-23,12:09,i have 99 problems and a missing semicolon caused 98 of them.,False
2026-01-23,12:15,Do you agree? Less talk. More code.,False
2026-01-23,12:37,1/ Design your life. ðŸ§µ,False
2026-01-23,12:48,"1/ MERN stack is cool, but understanding the fundamentals is cooler. ðŸ§µ",False
2026-01-23,13:02,"Read this carefully: History doesn't repeat itself, but human nature does.",False
2026-01-23,13:03,Note to self: Keep it simple.,False
2026-01-23,13:26,Silence is the loudest scream. Focus is the sharpest weapon.,False
2026-01-23,13:57,"I put the 'pro' in procrastinate... wait, no. #Python #Engineering #Focus",False
2026-01-23,15:00,B.Tech life: Surviving on hope and Maggi. #Python #Engineering #Focus,False
2026-01-23,15:30,Do you agree? A high IQ is useless without high agency.,False
2026-01-23,15:31,1/ Touching grass? I prefer touching keys. ðŸ§µ,False
2026-01-23,15:39,Observation: Levels.,False
2026-01-23,15:57,print('Comfort is the enemy of progress.'),False
2026-01-23,16:14,Note to self: Momentum is everything.,False
2026-01-23,16:44,cryptography is the art of keeping secrets in a world that can't shut up.,False
2026-01-23,17:24,Build in silence. Break the internet when you launch.,False
2026-01-23,17:31,Do you agree? First year B.Tech is just the tutorial level. Skip the cutscenes.,False
2026-01-23,17:35,reading philosophy to debug my own operating system (my brain) //,False
2026-01-23,18:40,Note to self: Discipline is the bridge between goals and accomplishment.,False
2026-01-23,19:02,Note to self: Connecting the dots between Ancient Hindu texts and modern AI.,False
2026-01-23,19:06,my laptop has more personality than most people //,False
2026-01-23,21:02,Mastery takes time.,False
2026-01-23,21:37,"print('Life update: 40% hydration, 60% ambition.')",False
2026-01-23,21:44,Observation: My code works. I have no idea why.,False
2026-01-23,21:50,Stoicism is just an exception handling system for life. #Python #Engineering #Focus,False
2026-01-23,21:54,Read this carefully: Iâ€™m not anti-social. Iâ€™m just in private repository mode.,False
2026-01-23,22:15,Observation: Energy speaks.,False
2026-01-23,22:37,wisdom is knowing what to ignore.,False
2026-01-23,23:22,mastery takes time //,False
2026-01-23,23:25,tired? good. that means you're doing it right.,False
2026-01-23,23:38,Do you agree? Learning is the only infinite game.,False
2026-01-23,23:58,AI won't replace you. A person using AI will.,False
2026-01-24,10:30,python is the closest thing to writing in pure thought.,False
2026-01-24,10:41,print('Converting caffeine into logic.'),False
2026-01-24,11:04,Less talk. More code.,False
2026-01-24,11:22,Why fall in love when you can fall into an infinite loop? #Python #Engineering #Focus,False
2026-01-24,11:33,1/ Routine is freedom. ðŸ§µ,False
2026-01-24,11:39,Do you agree? Debugging is like being the detective in a crime movie where you are also the murderer.,False
2026-01-24,12:07,5 AM in Gurugram. The rest are dreaming; I'm building. #Python #Engineering #Focus,False
2026-01-24,12:41,Do you agree? Simplicity is the soul of efficiency.,False
2026-01-24,13:30,reading philosophy to debug my own operating system (my brain).,False
2026-01-24,13:33,1/ Logic is the anatomy of thought. ðŸ§µ,False
2026-01-24,13:50,Be a ghost. Let the results haunt them. #Python #Engineering #Focus,False
2026-01-24,14:05,Note to self: Debugging is like being the detective in a crime movie where you are also the murderer.,False
2026-01-24,14:14,quality over quantity.,False
2026-01-24,14:37,Observation: My love language is distinct variable names.,False
2026-01-24,14:41,5 am in gurugram. the rest are dreaming; i'm building.,False
2026-01-24,15:17,design your life //,False
2026-01-24,15:50,print('Iâ€™m an engineer. I solve problems I created.'),False
2026-01-24,16:01,Focus on the output. #Python #Engineering #Focus,False
2026-01-24,17:00,wisdom is knowing what to ignore //,False
2026-01-24,17:42,Do you agree? Project Sera: optimizing my life one line of code at a time.,False
2026-01-24,17:51,Note to self: Project Sera: optimizing my life one line of code at a time.,False
2026-01-24,18:06,"1/ The more I learn about physics, the more spiritual I become. ðŸ§µ",False
2026-01-24,18:57,Read this carefully: My social skills are currently commented out.,False
2026-01-24,19:07,Rest day? Never heard of her. #Python #Engineering #Focus,False
2026-01-24,20:02,Read this carefully: Watch me.,False
2026-01-24,20:13,less talk more code //,False
2026-01-24,20:21,obsession is only a disease if you're average //,False
2026-01-24,20:29,Pivot. Adapt. Overcome.,False
2026-01-24,20:52,build in silence. break the internet when you launch.,False
2026-01-24,21:36,"Note to self: Life update: 40% hydration, 60% ambition.",False
2026-01-24,21:48,Algorithm for success: While(alive) { grind(); } #Python #Engineering #Focus,False
2026-01-24,23:07,Speed creates friction. #Python #Engineering #Focus,False
2026-01-24,23:26,execution > ideas //,False
2026-01-25,10:00,Note to self: Motivation is a feeling. Discipline is a command.,False
2026-01-25,10:11,Read this carefully: C++ teaches you humility. Python teaches you power.,False
2026-01-25,10:56,"to understand the macro, you must master the micro //",False
2026-01-25,11:05,1/ Do the work. ðŸ§µ,False
2026-01-25,11:57,everything is data.,False
2026-01-25,12:10,Execution > Ideas. #Python #Engineering #Focus,False
2026-01-25,12:55,print('Be undeniable.'),False
2026-01-25,13:49,Note to self: First year B.Tech is just the tutorial level. Skip the cutscenes.,False
2026-01-25,14:17,Gravity is just the curvature of spacetime. Stress is just the curvature of perspective. #Python #Engineering #Focus,False
2026-01-25,14:32,"1/ Aesthetic body, aesthetic code, aesthetic mind. ðŸ§µ",False
2026-01-25,14:33,print('Git commit. Git push. Git better.'),False
2026-01-25,15:15,c++ teaches you humility python teaches you power //,False
2026-01-25,15:39,Observation: Brain: 'You need sleep.' Me: 'One more function.',False
2026-01-25,15:47,Read this carefully: Keep it simple.,False
2026-01-25,15:56,SchrÃ¶dinger's cat would have loved my buggy code: dead and alive at the same time. #Python #Engineering #Focus,False
2026-01-25,16:41,design your life.,False
2026-01-25,17:03,Observation: B.Tech life: Surviving on hope and Maggi.,False
2026-01-25,17:04,print('Do the work.'),False
2026-01-25,17:57,Current mood: sudo rm -rf my_problems,False
2026-01-25,18:39,print('A polymath sees the pattern in everything.'),False
2026-01-25,19:47,Observation: Wisdom is knowing what to ignore.,False
2026-01-25,19:48,"1/ Life update: 40% hydration, 60% ambition. ðŸ§µ",False
2026-01-25,20:03,my code works i have no idea why //,False
2026-01-25,20:21,Read this carefully: The gym is my therapy. The IDE is my canvas.,False
2026-01-25,20:30,Read this carefully: Obsession is only a disease if you're average.,False
2026-01-25,20:38,Be undeniable.,False
2026-01-25,20:46,"print('MERN stack is cool, but understanding the fundamentals is cooler.')",False
2026-01-25,21:46,Read this carefully: B.Tech life: Surviving on hope and Maggi.,False
2026-01-25,21:49,print('Treat your body like your hardware. Don't let it overheat.'),False
2026-01-25,22:11,Aesthetic check: Dark mode on everything. #Python #Engineering #Focus,False
2026-01-25,23:20,1/ Project May isn't just code; it's a second brain. ðŸ§µ,False
2026-01-25,23:22,My code works. I have no idea why.,False
2026-01-25,23:33,Observation: Treat your body like your hardware. Don't let it overheat.,False
2026-01-26,10:01,"to understand the macro, you must master the micro.",False
2026-01-26,10:39,a high iq is useless without high agency.,False
2026-01-26,12:47,Less talk. More code. #Python #Engineering #Focus,False
2026-01-26,12:48,"history doesn't repeat itself, but human nature does //",False
2026-01-26,12:58,Do you agree? The gym is my therapy. The IDE is my canvas.,False
2026-01-26,13:27,"Read this carefully: Be like water, my friend. Or be like Pythonâ€”adaptable.",False
2026-01-26,13:34,touching grass? i prefer touching keys //,False
2026-01-26,13:41,dating is cool but have you ever fixed a bug at 3 am? //,False
2026-01-26,14:19,1/ AI won't replace you. A person using AI will. ðŸ§µ,False
2026-01-26,14:21,print('Everything is data.'),False
2026-01-26,14:47,Everything is data. #Python #Engineering #Focus,False
2026-01-26,14:49,Do you agree? Create or consume. Choose.,False
2026-01-26,14:50,print('Python is the closest thing to writing in pure thought.'),False
2026-01-26,15:42,"Be like water, my friend. Or be like Pythonâ€”adaptable.",False
2026-01-26,15:45,print('C++ teaches you humility. Python teaches you power.'),False
2026-01-26,16:13,entropy always increases keep your room clean to fight the universe //,False
2026-01-26,17:08,print('Building my own JARVIS because Siri doesn't understand my ambition.'),False
2026-01-26,17:29,Read this carefully: Mediocrity is a crowded place. I prefer the solitude of excellence.,False
2026-01-26,17:56,1/ I don't make mistakes. I create unexpected learning opportunities. ðŸ§µ,False
2026-01-26,18:51,Cryptography is the art of keeping secrets in a world that can't shut up.,False
2026-01-26,19:01,Do you agree? Execution > Ideas.,False
2026-01-26,19:12,1/ A high IQ is useless without high agency. ðŸ§µ,False
2026-01-26,19:24,Do you agree? Stoicism is just an exception handling system for life.,False
2026-01-26,19:38,motivation is a feeling. discipline is a command.,False
2026-01-26,19:48,print('Debugging is like being the detective in a crime movie where you are also the murderer.'),False
2026-01-26,19:54,Note to self: Your potential is meaningless if you don't execute.,False
2026-01-26,20:18,print('University teaches you the syllabus. Projects teach you the industry.'),False
2026-01-26,20:18,Pivot. Adapt. Overcome. #Python #Engineering #Focus,False
2026-01-26,21:28,Read this carefully: Why fall in love when you can fall into an infinite loop?,False
2026-01-26,22:23,Gravity is just the curvature of spacetime. Stress is just the curvature of perspective.,False
2026-01-26,22:30,Observation: Current mood: sudo rm -rf my_problems,False
2026-01-26,22:37,"If it was easy, everyone would have a 9.5 CGPA. #Python #Engineering #Focus",False
2026-01-26,23:25,"I put the 'pro' in procrastinate... wait, no.",False
2026-01-27,10:31,"If it was easy, everyone would have a 9.5 CGPA.",False
2026-01-27,11:07,Observation: Smiling because I have no idea what's going on in this lecture.,False
2026-01-27,11:11,Note to self: Entropy always increases. Keep your room clean to fight the universe.,False
2026-01-27,11:40,a polymath sees the pattern in everything //,False
2026-01-27,11:52,Note to self: Pivot. Adapt. Overcome.,False
2026-01-27,11:54,1/ Time is relative. That's why deadlines feel faster than weekends. ðŸ§µ,False
2026-01-27,13:20,print('The universe is optimized for balance. Be the chaos that disrupts it.'),False
2026-01-27,14:54,Observation: Connecting the dots between Ancient Hindu texts and modern AI.,False
2026-01-27,15:44,Dating is cool but have you ever fixed a bug at 3 AM? #Python #Engineering #Focus,False
2026-01-27,15:48,Observation: Less talk. More code.,False
2026-01-27,16:16,Note to self: Time is relative. That's why deadlines feel faster than weekends.,False
2026-01-27,16:28,end game //,False
2026-01-27,16:31,Observation: Mathematics is the language the universe wrote the source code in.,False
2026-01-27,16:58,Note to self: Writing code that explains itself is the ultimate flex.,False
2026-01-27,17:20,Note to self: Comfort is the enemy of progress.,False
2026-01-27,17:24,Observation: Frontend makes it look good. Backend makes it work. I do both.,False
2026-01-27,18:06,Pain is temporary. Quitting lasts forever.,False
2026-01-27,18:10,1/ Quantum mechanics proves that reality is just probability. ðŸ§µ,False
2026-01-27,18:12,Note to self: Code doesn't lie. People do.,False
2026-01-27,18:36,Current mood: sudo rm -rf my_problems #Python #Engineering #Focus,False
2026-01-27,18:47,Note to self: Stoicism is just an exception handling system for life.,False
2026-01-27,19:06,time is relative. that's why deadlines feel faster than weekends.,False
2026-01-27,19:40,Do you agree? Building my own JARVIS because Siri doesn't understand my ambition.,False
2026-01-27,20:15,print('Project Crypto: Because privacy is a human right.'),False
2026-01-27,20:29,"MERN stack is cool, but understanding the fundamentals is cooler. #Python #Engineering #Focus",False
2026-01-27,20:37,Build in silence. Break the internet when you launch. #Python #Engineering #Focus,False
2026-01-27,21:04,Do you agree? Logic is the anatomy of thought.,False
2026-01-27,21:45,Do you agree? Comfort is the enemy of progress.,False
2026-01-27,21:56,Do you agree? Quality over quantity.,False
2026-01-27,22:04,project sera: optimizing my life one line of code at a time //,False
2026-01-27,22:35,"1/ If it was easy, everyone would have a 9.5 CGPA. ðŸ§µ",False
2026-01-27,23:01,Building my own JARVIS because Siri doesn't understand my ambition.,False
2026-01-27,23:14,less talk. more code.,False
2026-01-28,10:08,The universe is optimized for balance. Be the chaos that disrupts it.,False
2026-01-28,10:09,question everything even the compiler //,False
2026-01-28,11:00,1/ Obsession is only a disease if you're average. ðŸ§µ,False
2026-01-28,11:19,silence is the loudest scream. focus is the sharpest weapon.,False
2026-01-28,11:50,Do you agree? Your potential is meaningless if you don't execute.,False
2026-01-28,12:31,a polymath sees the pattern in everything.,False
2026-01-28,12:50,Read this carefully: First year B.Tech is just the tutorial level. Skip the cutscenes.,False
2026-01-28,14:05,print('Rest day? Never heard of her.'),False
2026-01-28,14:11,Observation: I don't make mistakes. I create unexpected learning opportunities.,False
2026-01-28,14:43,Note to self: I don't make mistakes. I create unexpected learning opportunities.,False
2026-01-28,15:18,print('I have 99 problems and a missing semicolon caused 98 of them.'),False
2026-01-28,15:45,Writing code that explains itself is the ultimate flex. #Python #Engineering #Focus,False
2026-01-28,15:47,Read this carefully: Debugging is like being the detective in a crime movie where you are also the murderer.,False
2026-01-28,15:50,Treat your body like your hardware. Don't let it overheat.,False
2026-01-28,15:54,Note to self: Create or consume. Choose.,False
2026-01-28,16:28,Read this carefully: Touching grass? I prefer touching keys.,False
2026-01-28,16:41,be a ghost let the results haunt them //,False
2026-01-28,16:58,Question everything. Even the compiler.,False
2026-01-28,17:08,Read this carefully: Brain: 'You need sleep.' Me: 'One more function.',False
2026-01-28,17:32,Debugging is like being the detective in a crime movie where you are also the murderer. #Python #Engineering #Focus,False
2026-01-28,18:34,Touching grass? I prefer touching keys. #Python #Engineering #Focus,False
2026-01-28,19:12,my social skills are currently commented out //,False
2026-01-28,19:24,Read this carefully: 5 AM in Gurugram. The rest are dreaming; I'm building.,False
2026-01-28,19:49,1/ Simplicity is the soul of efficiency. ðŸ§µ,False
2026-01-28,20:12,Observation: The universe is optimized for balance. Be the chaos that disrupts it.,False
2026-01-28,20:50,Levels.,False
2026-01-28,20:54,dating is cool but have you ever fixed a bug at 3 am?,False
2026-01-28,21:15,1/ Motivation is a feeling. Discipline is a command. ðŸ§µ,False
2026-01-28,21:44,C++ teaches you humility. Python teaches you power.,False
2026-01-28,23:09,1/ My laptop has more personality than most people. ðŸ§µ,False
2026-01-28,23:35,1/ Entropy always increases. Keep your room clean to fight the universe. ðŸ§µ,False
2026-01-28,23:42,rest day? never heard of her //,False
2026-01-28,23:57,Read this carefully: My laptop has more personality than most people.,False
2026-01-29,11:17,print('Gravity is just the curvature of spacetime. Stress is just the curvature of perspective.'),False
2026-01-29,11:57,keep it simple.,False
2026-01-29,13:35,Note to self: The universe is optimized for balance. Be the chaos that disrupts it.,False
2026-01-29,13:43,Quality over quantity.,False
2026-01-29,13:55,Note to self: Rest day? Never heard of her.,False
2026-01-29,14:12,"Read this carefully: I put the 'pro' in procrastinate... wait, no.",False
2026-01-29,14:18,First year B.Tech is just the tutorial level. Skip the cutscenes.,False
2026-01-29,14:24,Note to self: University teaches you the syllabus. Projects teach you the industry.,False
2026-01-29,15:05,"To understand the macro, you must master the micro.",False
2026-01-29,15:11,Do you agree? Iâ€™m not anti-social. Iâ€™m just in private repository mode.,False
2026-01-29,15:16,Tired? Good. That means you're doing it right. #Python #Engineering #Focus,False
2026-01-29,15:22,"the more i learn about physics, the more spiritual i become.",False
2026-01-29,15:26,debugging is like being the detective in a crime movie where you are also the murderer.,False
2026-01-29,15:35,Do you agree? The world is noisy. Your code should be clean.,False
2026-01-29,15:45,"MERN stack is cool, but understanding the fundamentals is cooler.",False
2026-01-29,16:22,The world is noisy. Your code should be clean. #Python #Engineering #Focus,False
2026-01-29,16:33,Observation: 5 AM in Gurugram. The rest are dreaming; I'm building.,False
2026-01-29,16:42,the universe is optimized for balance be the chaos that disrupts it //,False
2026-01-29,17:02,a high iq is useless without high agency //,False
2026-01-29,17:51,be undeniable.,False
2026-01-29,17:54,Do you agree? Git commit. Git push. Git better.,False
2026-01-29,17:56,control your mind or it will control you //,False
2026-01-29,18:01,1/ Watch me. ðŸ§µ,False
2026-01-29,18:07,algorithm for success: while(alive) { grind(); } //,False
2026-01-29,18:15,Read this carefully: Wisdom is knowing what to ignore.,False
2026-01-29,18:17,Watch me. #Python #Engineering #Focus,False
2026-01-29,19:26,Observation: Entropy always increases. Keep your room clean to fight the universe.,False
2026-01-29,19:48,ai won't replace you a person using ai will //,False
2026-01-29,20:28,1/ First year B.Tech is just the tutorial level. Skip the cutscenes. ðŸ§µ,False
2026-01-29,21:56,watch me //,False
2026-01-29,22:26,Note to self: Routine is freedom.,False
2026-01-29,22:34,stoicism is just an exception handling system for life.,False
2026-01-29,23:09,1/ I have 99 problems and a missing semicolon caused 98 of them. ðŸ§µ,False
2026-01-30,10:06,Do you agree? Brain: 'You need sleep.' Me: 'One more function.',False
2026-01-30,10:11,Watch me.,False
2026-01-30,11:43,"i speak three languages: english, hindi, and python.",False
2026-01-30,11:49,Read this carefully: You don't need more time. You need more focus.,False
2026-01-30,12:16,frontend makes it look good backend makes it work i do both //,False
2026-01-30,12:18,Do you agree? Normalize obsession.,False
2026-01-30,13:07,Obsession is only a disease if you're average. #Python #Engineering #Focus,False
2026-01-30,13:18,c++ teaches you humility. python teaches you power.,False
2026-01-30,13:49,Do you agree? Tired? Good. That means you're doing it right.,False
2026-01-30,14:16,print('Stoicism is just an exception handling system for life.'),False
2026-01-30,14:51,stay dangerous //,False
2026-01-30,15:41,Energy speaks.,False
2026-01-30,15:54,Observation: Silence is the loudest scream. Focus is the sharpest weapon.,False
2026-01-30,15:57,print('Keep it simple.'),False
2026-01-30,16:12,Read this carefully: Everything is data.,False
2026-01-30,16:23,Do you agree? Reading philosophy to debug my own operating system (my brain).,False
2026-01-30,16:56,keep it simple //,False
2026-01-30,17:03,Observation: A high IQ is useless without high agency.,False
2026-01-30,17:44,Do you agree? Design your life.,False
2026-01-30,17:45,Read this carefully: Project Crypto: Because privacy is a human right.,False
2026-01-30,17:50,Question everything. Even the compiler. #Python #Engineering #Focus,False
2026-01-30,17:57,question everything. even the compiler.,False
2026-01-30,18:49,1/ My social skills are currently commented out. ðŸ§µ,False
2026-01-30,20:30,1/ Build in silence. Break the internet when you launch. ðŸ§µ,False
2026-01-30,20:40,print('Build in silence. Break the internet when you launch.'),False
2026-01-30,21:02,Observation: Aesthetic check: Dark mode on everything.,False
2026-01-30,21:45,Read this carefully: Don't tell people your plans. Show them your results.,False
2026-01-30,22:03,University teaches you the syllabus. Projects teach you the industry. #Python #Engineering #Focus,False
2026-01-30,22:06,A polymath sees the pattern in everything.,False
2026-01-30,22:31,print('Silence is the loudest scream. Focus is the sharpest weapon.'),False
2026-01-30,23:17,1/ Pivot. Adapt. Overcome. ðŸ§µ,False
2026-01-30,23:41,1/ Mediocrity is a crowded place. I prefer the solitude of excellence. ðŸ§µ,False
2026-01-30,23:56,Observation: End game.,False
2026-01-31,10:27,Do you agree? Time is relative. That's why deadlines feel faster than weekends.,False
2026-01-31,10:37,Do you agree? Mediocrity is a crowded place. I prefer the solitude of excellence.,False
2026-01-31,11:19,the universe is optimized for balance. be the chaos that disrupts it.,False
2026-01-31,11:21,1/ Rest day? Never heard of her. ðŸ§µ,False
2026-01-31,11:51,Read this carefully: Project Sera: optimizing my life one line of code at a time.,False
2026-01-31,12:13,1/ Quality over quantity. ðŸ§µ,False
2026-01-31,13:16,Read this carefully: Focus on the output.,False
2026-01-31,14:00,"print('History doesn't repeat itself, but human nature does.')",False
2026-01-31,14:14,entropy always increases. keep your room clean to fight the universe.,False
2026-01-31,14:18,pain is temporary quitting lasts forever //,False
2026-01-31,14:47,Rest day? Never heard of her.,False
2026-01-31,14:58,Do you agree? Obsession is only a disease if you're average.,False
2026-01-31,15:10,Do you agree? Be a ghost. Let the results haunt them.,False
2026-01-31,15:23,"Observation: History doesn't repeat itself, but human nature does.",False
2026-01-31,15:28,watch me.,False
2026-01-31,16:13,Debugging is like being the detective in a crime movie where you are also the murderer.,False
2026-01-31,16:47,Connecting the dots between Ancient Hindu texts and modern AI.,False
2026-01-31,17:10,1/ Create or consume. Choose. ðŸ§µ,False
2026-01-31,17:38,1/ My code works. I have no idea why. ðŸ§µ,False
2026-01-31,17:44,Note to self: Execution > Ideas.,False
2026-01-31,18:00,Note to self: Don't tell people your plans. Show them your results.,False
2026-01-31,18:13,the world is noisy your code should be clean //,False
2026-01-31,18:19,Iâ€™m not anti-social. Iâ€™m just in private repository mode. #Python #Engineering #Focus,False
2026-01-31,18:50,mediocrity is a crowded place. i prefer the solitude of excellence.,False
2026-01-31,19:20,1/ A polymath sees the pattern in everything. ðŸ§µ,False
2026-01-31,20:36,Converting caffeine into logic. #Python #Engineering #Focus,False
2026-01-31,20:42,Do you agree? C++ teaches you humility. Python teaches you power.,False
2026-01-31,20:53,everything is data //,False
2026-01-31,21:41,Do you agree? AI won't replace you. A person using AI will.,False
2026-01-31,21:42,smiling because i have no idea what's going on in this lecture //,False
2026-01-31,22:54,Do you agree? I don't make mistakes. I create unexpected learning opportunities.,False
2026-01-31,23:00,Reading philosophy to debug my own operating system (my brain).,False
2026-01-31,23:57,Observation: Question everything. Even the compiler.,False
